conversation_id,category,scenario,turn_count,model,input_tokens_estimate,baseline_final_answer_tokens,memory_final_answer_tokens,memory_context_tokens,baseline_keyword_score,memory_keyword_score,pass,route,no_memory_result,with_memory_result,memory_context_preview
1,profile recall,Recall preferred coding language after filler turns,4,gpt-4o-mini,51,108,28,492,1.0,1.0,Pass,"{'short_term': True, 'long_term': True, 'episodic': False, 'semantic': True}","Với sở thích của bạn là Python, tôi khuyên bạn nên sử dụng Python cho các script nhỏ. Python có cú pháp đơn giản, dễ đọc và dễ viết, rất phù hợp cho việc phát triển nhanh chóng các script. Ngoài ra, Python có nhiều thư viện mạnh mẽ giúp bạn thực hiện nhiều tác vụ khác nhau, từ xử lý tệp tin, web scraping, đến tự động hóa các tác vụ hàng ngày. Nếu bạn đã quen thuộc với Python, nó sẽ là lựa chọn tốt nhất cho bạn!","Bạn nên dùng Python cho script nhỏ, vì bạn đã ghi nhớ rằng bạn thích ngôn ngữ này và muốn style code đơn giản.","## RECENT_CONVERSATION assistant: Tôi đã ghi nhớ rằng bạn thích Python và không thích Java, cũng như bạn muốn style code đơn giản. user: Giải thích list comprehension thật ngắn. assistant: List comprehension trong Python là một cách ngắn gọn để tạo danh sách mới bằng cách áp dụng một biểu thức cho từng phần tử trong một iterable. Cú pháp cơ bản là: ```python new_list = [expression for item in iterable if condition] ``` Ví dụ, để tạo một danh sách các số chẵn từ 0 đến 9: ```python even_numbers = "
2,conflict update,Allergy correction overwrites older fact,3,gpt-4o-mini,40,352,102,326,1.0,1.0,Pass,"{'short_term': True, 'long_term': True, 'episodic': False, 'semantic': True}","Khi bạn bị dị ứng đậu nành, bạn cần tránh các thực phẩm và nguyên liệu có chứa đậu nành hoặc sản phẩm từ đậu nành. Dưới đây là một số điều bạn nên lưu ý: 1. **Sản phẩm từ đậu nành**: - Đậu phụ (tofu) - Sữa đậu nành - Nước tương (xì dầu) - Miso - Edamame (đậu nành non) 2. **Thực phẩm chế biến**: - Nhiều loại thực phẩm chế biến sẵn có thể chứa đậu nành dưới dạng bột đậu nành, tinh bột đậu nành hoặc các thành phần khác. Hãy đọc kỹ nhãn mác. 3. **Gia vị và nước sốt**: - Một số loại nước sốt và gia v","Khi gợi ý món ăn, bạn cần tránh các thành phần có chứa đậu nành, bao gồm: - Đậu nành và các sản phẩm từ đậu nành (như đậu hũ, sữa đậu nành) - Nước tương (soy sauce) - Miso - Một số loại dầu thực vật có nguồn gốc từ đậu nành Nếu bạn cần thêm thông tin hoặc gợi ý món ăn cụ thể, hãy cho tôi biết!","## RECENT_CONVERSATION user: Tôi dị ứng sữa bò. assistant: Bạn đã đề cập rằng bạn dị ứng với sữa bò. Nếu bạn cần thông tin hoặc lời khuyên về cách quản lý dị ứng này, hãy cho tôi biết! user: À nhầm, tôi dị ứng đậu nành chứ không phải sữa bò. assistant: Cảm ơn bạn đã làm rõ! Bạn dị ứng với đậu nành. Nếu bạn cần thông tin hoặc lời khuyên về cách quản lý dị ứng này, hãy cho tôi biết! user: Khi gợi ý món ăn, tôi cần tránh gì? ## LONG_TERM_PROFILE Facts: allergy=đậu nành ## SEMANTIC_MEMORY - [source="
3,episodic recall,Reuse previous debug lesson,3,gpt-4o-mini,40,568,175,465,0.333,1.0,Pass,"{'short_term': True, 'long_term': True, 'episodic': False, 'semantic': True}","Khi API gặp phải tình trạng timeout, bạn có thể thử các hướng sau đây để xác định và khắc phục vấn đề: 1. **Kiểm tra trạng thái của API**: - Sử dụng công cụ như Postman hoặc cURL để gửi yêu cầu trực tiếp đến API và xem thời gian phản hồi. Điều này giúp xác định xem vấn đề có phải do API hay không. 2. **Xem log của server**: - Kiểm tra log của ứng dụng và server để tìm kiếm thông báo lỗi hoặc các dấu hiệu cho thấy có vấn đề xảy ra. Điều này có thể cung cấp thông tin quý giá về nguyên nhân gây ra ","Trước tiên, bạn nên kiểm tra DNS hoặc service name trong Docker network, vì đây là kết quả thành công mà bạn đã ghi nhận trước đó. Nếu vấn đề vẫn tiếp diễn, bạn có thể xem xét các yếu tố khác như: 1. **Kiểm tra hiệu suất của server**: Đảm bảo rằng server không bị quá tải và có đủ tài nguyên để xử lý yêu cầu. 2. **Xem xét logs**: Kiểm tra logs của server để tìm hiểu nguyên nhân gây ra timeout. 3. **Kiểm tra mạng**: Đảm bảo rằng không có vấn đề về mạng giữa client và server. 4. **Tối ưu hóa mã ngu","## RECENT_CONVERSATION user: Lần trước tôi debug API timeout bằng cách tăng timeout nhưng không hiệu quả. assistant: Nếu tăng timeout không hiệu quả, bạn có thể thử kiểm tra các yếu tố khác như: 1. **Kiểm tra hiệu suất của server**: Đảm bảo rằng server không bị quá tải và có đủ tài nguyên để xử lý yêu cầu. 2. **Xem xét logs**: Kiểm tra logs của server để tìm hiểu nguyên nhân gây ra timeout. 3. **Kiểm tra mạng**: Đảm bảo rằng không có vấn đề về mạng giữa client và server. 4. **Tối ưu hóa mã nguồn"
4,semantic retrieval,Retrieve definition of semantic memory,3,gpt-4o-mini,29,825,79,367,0.333,0.667,Pass,"{'short_term': True, 'long_term': True, 'episodic': False, 'semantic': True}","Semantic memory (ký ức ngữ nghĩa) và backend là hai khái niệm thuộc về các lĩnh vực khác nhau, nhưng có thể liên quan đến nhau trong một số ứng dụng, đặc biệt là trong phát triển phần mềm và hệ thống trí tuệ nhân tạo. Dưới đây là giải thích cho từng khái niệm và cách chúng có thể kết hợp với nhau: ### Semantic Memory 1. **Định nghĩa**: Semantic memory là một phần của bộ nhớ dài hạn, liên quan đến kiến thức về thế giới, bao gồm thông tin về các khái niệm, sự vật, và mối quan hệ giữa chúng. Nó khô","Semantic memory lưu trữ kiến thức về miền trong một cơ sở dữ liệu vector. Nó cho phép truy vấn được nhúng và so sánh với các chunk dữ liệu bằng cách sử dụng độ tương đồng cosine. Backend phù hợp cho semantic memory là Chroma, một cơ sở dữ liệu vector, vì nó hỗ trợ việc lưu trữ và truy vấn các vector một cách hiệu quả.","## RECENT_CONVERSATION user: Tôi đang học memory stack cho agent. assistant: Bạn đã đề cập rằng bạn đang học về memory stack cho agent. Bạn có cần thêm thông tin hoặc hỗ trợ nào về chủ đề này không? user: Tài liệu lab nói gì về semantic memory? assistant: Tài liệu lab nói rằng semantic memory lưu trữ kiến thức về miền trong một cơ sở dữ liệu vector. Các truy vấn được nhúng và so sánh với các chunk bằng cách sử dụng độ tương đồng cosine. Ngoài ra, nó cũng đề cập đến thứ tự ưu tiên cho việc đóng g"
5,profile recall,Project cache backend preference,3,gpt-4o-mini,34,575,37,315,0.5,0.5,Pass,"{'short_term': True, 'long_term': True, 'episodic': False, 'semantic': True}","Khi chọn backend cho long-term memory trong một project sử dụng Redis cho caching, bạn cần xem xét một số yếu tố như loại dữ liệu bạn muốn lưu trữ, quy mô của ứng dụng, và yêu cầu về hiệu suất. Dưới đây là một số lựa chọn phổ biến cho long-term memory: 1. **Cơ sở dữ liệu quan hệ (Relational Database)**: - **MySQL** hoặc **PostgreSQL**: Đây là những lựa chọn phổ biến cho các ứng dụng cần lưu trữ dữ liệu có cấu trúc. Chúng hỗ trợ các truy vấn phức tạp và có khả năng mở rộng tốt. - **SQLite**: Nếu ","Bạn đã chọn Redis làm backend cho cache trong project của bạn. Nếu bạn cần thêm thông tin hoặc hỗ trợ về việc sử dụng Redis cho long-term memory, hãy cho tôi biết!","## RECENT_CONVERSATION user: Nhớ rằng project của tôi dùng Redis cho cache. assistant: Tôi đã ghi nhớ rằng project của bạn sử dụng Redis cho cache. Nếu bạn cần hỗ trợ gì liên quan đến Redis, hãy cho tôi biết! user: Tôi cũng muốn TTL cho dữ liệu nhạy cảm. assistant: Tôi đã ghi nhớ rằng bạn muốn sử dụng TTL cho dữ liệu nhạy cảm trong project của bạn. Nếu bạn cần hướng dẫn cụ thể về cách thiết lập TTL trong Redis, hãy cho tôi biết! user: Long-term memory nên chọn backend nào cho project này? ## LON"
6,trim/token budget,Important preference survives noisy context,4,gpt-4o-mini,57,290,132,510,1.0,0.5,Pass,"{'short_term': True, 'long_term': True, 'episodic': False, 'semantic': True}","Dưới đây là một helper đơn giản bằng Python để tính toán số lượng token trong một chuỗi văn bản. Bạn có thể sử dụng thư viện `tiktoken` để thực hiện điều này. Nếu bạn chưa cài đặt thư viện này, hãy cài đặt nó bằng lệnh: ```bash pip install tiktoken ``` Dưới đây là mã nguồn: ```python import tiktoken def count_tokens(text): # Khởi tạo bộ mã hóa encoding = tiktoken.encoding_for_model(""gpt-3.5-turbo"") # Tính số lượng token tokens = encoding.encode(text) return len(tokens) # Ví dụ sử dụng if __name_","Dưới đây là một helper đơn giản để tính toán số token trong một chuỗi văn bản: ```python def count_tokens(text): # Tách chuỗi văn bản thành các từ tokens = text.split() # Trả về số lượng token return len(tokens) # Ví dụ sử dụng text = ""Đây là một ví dụ về cách tính token."" token_count = count_tokens(text) print(f""Số lượng token: {token_count}"") ``` Bạn có thể điều chỉnh hàm này tùy theo yêu cầu cụ thể của bạn. Nếu cần thêm tính năng nào khác, hãy cho tôi biết!","## RECENT_CONVERSATION hành động thông qua các cơ cấu thực thi. 4. **Learning**: Agent có khả năng học hỏi từ kinh nghiệm để cải thiện hiệu suất trong tương lai. Mỗi thành phần này tương tác với nhau để tạo ra một hệ thống agent hiệu quả. Nếu bạn cần thêm thông tin chi tiết về từng phần, hãy cho tôi biết! user: Filler: thêm log, metrics, retry, tracing, deployment. assistant: Kiến trúc agent có thể mở rộng với các thành phần bổ sung như sau: 1. **Logging**: Ghi lại các hoạt động và sự kiện để th"
7,episodic recall,Avoid repeated failed retrieval strategy,3,gpt-4o-mini,38,492,207,422,0.5,1.0,Pass,"{'short_term': True, 'long_term': True, 'episodic': False, 'semantic': True}","Để tránh mất ngữ cảnh trong các cuộc hội thoại dài, bạn có thể áp dụng một số chiến lược sau: 1. **Tóm tắt định kỳ**: Thỉnh thoảng, hãy tóm tắt lại những điểm chính đã thảo luận để củng cố ngữ cảnh. Điều này không chỉ giúp bạn nhớ lại thông tin mà còn giúp người khác trong cuộc hội thoại nắm bắt được nội dung. 2. **Sử dụng câu hỏi nhắc lại**: Đặt câu hỏi để nhắc lại hoặc làm rõ các điểm đã thảo luận trước đó. Điều này giúp củng cố thông tin và đảm bảo rằng mọi người đều hiểu đúng. 3. **Ghi chú**","Để tránh mất context khi cuộc trò chuyện dài, bạn có thể thực hiện các bước sau: 1. **Tóm tắt định kỳ**: Thực hiện tóm tắt các điểm chính của cuộc trò chuyện sau một khoảng thời gian nhất định. Điều này giúp củng cố thông tin quan trọng và dễ dàng truy cập lại sau này. 2. **Ghi chú thông tin quan trọng**: Lưu lại những thông tin quan trọng trong một tài liệu hoặc cấu trúc dữ liệu riêng biệt để dễ dàng tham khảo lại. 3. **Sử dụng kỹ thuật attention**: Nếu có thể, áp dụng các kỹ thuật như attentio","## RECENT_CONVERSATION user: Tôi đã thử sliding window và bị mất context cũ quan trọng. assistant: Nếu bạn đã gặp vấn đề với sliding window và bị mất context cũ quan trọng, có thể bạn nên xem xét sử dụng các kỹ thuật khác để giữ lại thông tin cần thiết. Bạn có thể thử các phương pháp như: 1. **Lưu trữ context cũ**: Ghi nhớ các thông tin quan trọng trong một cấu trúc dữ liệu riêng biệt. 2. **Sử dụng các kỹ thuật khác**: Như attention mechanism để giữ lại thông tin quan trọng hơn. Nếu bạn cần thêm"
8,semantic retrieval,Retrieve privacy design chunk,3,gpt-4o-mini,34,750,233,374,0.333,0.667,Pass,"{'short_term': True, 'long_term': True, 'episodic': False, 'semantic': True}",Thiết kế bảo mật và quyền riêng tư cho memory write-back là một yếu tố quan trọng trong việc đảm bảo rằng thông tin cá nhân (PII) và dữ liệu nhạy cảm của người dùng được bảo vệ. Dưới đây là một số nguyên tắc và biện pháp bạn có thể áp dụng: ### 1. **Xác định loại dữ liệu cần lưu trữ** - **Chỉ lưu trữ dữ liệu cần thiết**: Xác định rõ ràng loại dữ liệu nào là cần thiết cho hoạt động của agent và chỉ lưu trữ những thông tin đó. Tránh thu thập dữ liệu không cần thiết. ### 2. **Được sự đồng ý của ngư,"Để thiết kế tính năng bảo mật cho memory write-back, bạn có thể xem xét các yếu tố sau: 1. **Chỉ ghi lại thông tin khi có sự đồng ý**: Đảm bảo rằng chỉ lưu trữ thông tin cá nhân nhạy cảm (PII) khi người dùng đã đồng ý rõ ràng. 2. **Hỗ trợ xóa thông tin**: Cung cấp khả năng cho người dùng xóa thông tin cá nhân của họ bất kỳ lúc nào. 3. **Giới hạn thời gian lưu trữ**: Áp dụng các hạn chế về thời gian lưu trữ (TTL) để tự động xóa thông tin sau một khoảng thời gian nhất định. 4. **Mã hóa dữ liệu**: ","## RECENT_CONVERSATION user: Tôi không muốn lưu PII trừ khi user đồng ý. assistant: Đúng vậy, bạn đã nói rằng bạn không muốn lưu thông tin cá nhân nhạy cảm (PII) trừ khi người dùng đồng ý. Đây là một cách tiếp cận tốt để đảm bảo quyền riêng tư và tuân thủ các nguyên tắc bảo mật. Nếu bạn cần thêm thông tin hoặc hỗ trợ về cách thực hiện điều này, hãy cho tôi biết! user: Agent có memory write-back sau mỗi turn. assistant: Đúng, agent có khả năng ghi lại bộ nhớ sau mỗi lượt. Nếu bạn cần hỗ trợ hoặc "
9,router coverage,"Combine profile, episodic, and semantic memory",4,gpt-4o-mini,40,580,225,463,0.0,1.0,Pass,"{'short_term': True, 'long_term': True, 'episodic': False, 'semantic': True}","Để đề xuất một bảng benchmark cho lab của bạn, tôi cần biết một số thông tin cụ thể hơn về lĩnh vực nghiên cứu hoặc các hệ thống mà bạn đang làm việc. Tuy nhiên, dưới đây là một mẫu bảng benchmark tổng quát mà bạn có thể điều chỉnh theo nhu cầu của mình: ### Bảng Benchmark cho Lab | Tiêu chí | Hệ thống/Phương pháp A | Hệ thống/Phương pháp B | Hệ thống/Phương pháp C | |------------------------------|-------------------------|-------------------------|-------------------------| | Độ chính xác (Acc","Dưới đây là bảng benchmark cho lab của bạn, bao gồm cả bài kiểm tra semantic retrieval: | **Benchmark Group** | **Test Description** | **Expected Outcome** | |-----------------------------|-------------------------------------------------------|-------------------------------------| | Profile Recall | Kiểm tra khả năng nhớ thông tin cá nhân | Độ chính xác cao trong việc nhớ thông tin | | Conflict Update | Đánh giá khả năng xử lý xung đột thông tin | Phát hiện và giải quyết xung đột hiệu quả | | ","## RECENT_CONVERSATION assistant: Dựa trên sở thích của bạn, tôi sẽ cung cấp một bảng rõ ràng cho benchmark. Bạn có muốn tôi tạo một bảng cụ thể cho một loại benchmark nào đó không? user: Lần trước report bị thiếu semantic retrieval test. assistant: Cảm ơn bạn đã nhắc nhở. Tôi sẽ đảm bảo rằng báo cáo lần này bao gồm cả bài kiểm tra semantic retrieval. Bạn có muốn thêm thông tin gì khác vào báo cáo không? user: Tài liệu nói context priority là gì? assistant: Context priority trong việc đóng gói b"
10,deletion/TTL,User requests memory deletion plan,3,gpt-4o-mini,42,72,23,296,0.75,0.75,Pass,"{'short_term': True, 'long_term': True, 'episodic': False, 'semantic': True}",Bạn cần xóa dữ liệu ở các nơi sau: 1. **Redis**: Xóa profile của agent. 2. **JSONL**: Xóa episode tương ứng. 3. **Chroma**: Xóa semantic liên quan. Hãy đảm bảo xóa tất cả các phần liên quan để tránh lưu trữ thông tin không mong muốn.,"Bạn cần xóa memory trong Redis cho profile, trong JSONL cho episode, và trong Chroma cho semantic.","## RECENT_CONVERSATION user: Tôi có preference trả lời ngắn. assistant: Đã ghi nhận. Tôi sẽ trả lời ngắn gọn. user: Agent đang lưu profile trong Redis/JSON, episode trong JSONL, semantic trong Chroma. assistant: Đã ghi nhận thông tin. Agent lưu profile trong Redis/JSON, episode trong JSONL, và semantic trong Chroma. user: Nếu tôi yêu cầu xóa memory, phải xóa ở đâu? ## LONG_TERM_PROFILE Preferences: {'answer_style': 'concise'} ## SEMANTIC_MEMORY - [source=lab17_seed; confidence=0.95; backend=chro"
